iter	Logloss	Accuracy
0	0.6773204402	0.784011220211	0.661634628	0.784011220222	0.6459722945	0.800841514733	0.6310165412	0.807854137444	0.6174428629	0.810659186555	0.6035974603	0.810659186566	0.590289513	0.809256662
7	0.5795904536	0.8078541374
8	0.5700734872	0.8148667602
9	0.5608863902	0.8134642351010	0.5515599492	0.8148667611	11	0.5439522186	0.814866712	012	0.5349077868	0.81767113	0.13	0.5286540898	0.817614	0.5114	0.5249546066	0.813415	0.5115	0.5175229534	0.819016	0.5116	0.5112895573	0.817617	0.5117	0.5045860271	0.821818	0.1118	0.49981115	0.82047619	0119	0.4945984234	0.82187920	0220	0.4906877716	0.82047621	0221	0.4858171044	0.82047622	0222	0.4809619569	0.82187923	0223	0.4766229871	0.82187924	0224	0.4716477807	0.82328125	0225	0.467589536	0.821879326	026	0.4657751626	0.821879327	027	0.4627587762	0.821879328	028	0.4594728943	0.821879329	229	0.457089534	0.8232819030	30	0.4540658919	0.826086931	031	0.4525712366	0.82468432	032	0.4514904776	0.824684433	33	0.4496295933	0.8260869534	34	0.445532324	0.8288920053535	0.4440561088	0.8302945336	36	0.4433209513	0.8288920037	37	0.4406328414	0.8288920038	38	0.4377602551	0.8288920039	39	0.4355979663	0.828892040	440	0.4335053591	0.830294541	441	0.4326861792	0.8302945424242	0.4305302645	0.831697043	043	0.4269717779	0.833099544	044	0.4246465964	0.83730745	0.45	0.4233332225	0.83590446	0.46	0.4215497877	0.83730747	0.47	0.4199197712	0.83590448	0.48	0.4176926331	0.83870949	0.49	0.415665275	0.838709650	050	0.4146324872	0.838709651	051	0.4127670827	0.838709652	052	0.4106687422	0.840112253	53	0.4083435346	0.840112205454	0.4069717268	0.840112205555	0.4050914063	0.8415147265656	0.4040115345	0.8415147257	57	0.4033231734	0.841514758	058	0.4018720486	0.84151459	0.59	0.4005883719	0.84151460	0.60	0.3998240936	0.84151461	0.61	0.3993082435	0.8415162	0.362	0.39795705	0.844319763	063	0.3968353725	0.844319764	064	0.3950943589	0.84431965	0.65	0.3941331255	0.84431966	0.66	0.3931013455	0.845767	0.3867	0.3911208275	0.847168	0.3868	0.3901086447	0.847169	0.3869	0.3889539021	0.848570	0.3870	0.3882207912	0.848571	0.3871	0.3877557856	0.84972	0.38572	0.386855718	0.84973	0.38473	0.3857997229	0.84974	0.38374	0.3857733626	0.84975	0.38275	0.3855344015	0.85176	0.38076	0.3830708489	0.85277	0.38077	0.3823355596	0.8578	0.379478	0.3818575447	0.8579	0.379179	0.3812138707	0.8580	0.378380	0.3805622527	0.8581	0.377981	0.3800838016	0.8582	0.377482	0.3788073204	0.8583	0.377083	0.3773949562	0.8884	0.376784	0.3770122153	0.8885	0.375685	0.3757809219	0.886	0.3747886	0.375387777	0.8887	0.374687	0.37524205	0.852888	0.3788	0.3741620109	0.889	89	0.3789	0.3734357022	0.890	90	0.3790	0.3727743231	0.891	91	0.3791	0.3726348315	0.89292	0.37092	0.3713714277	0.89393	0.37093	0.3706315828	0.94	94	0.36994	0.3699718032	0.95	95	0.36895	0.3695084809	096	096	0.36796	0.3689109891	097	097	0.36797	0.3689085661	98	098	0.367098	0.368627994899	0.99	0.366499	0.368392069100	0100	0.3656100	0.36741459101	0.101	0.365101	0.367283673102	0102	0.3640102	0.36721097103	0.103	0.3636103	0.36708798104	0.104	0.363104	0.366599408105	0.105	0.363105	0.365369234106	0.106	0.362106	0.365367904107	0.107	0.36107	0.3651558001108	0.108	0.36108	0.365031399109	0.3109	0.36109	0.364357482110	0.3110	0.36110	0.363256747111	0.3111	0.35111	0.362683531112	0.3112	0.35112	0.362062093113	0.3113	0.35113	0.361390230114	0.3114	0.35114	0.360941276115	0.3115	0.35115	0.359839239116	0.3116	0.35116	0.359056939117	0.3117	0.35117	0.35898652118	0.36118	0.35118	0.3586661119	0.366119	0.35119	0.3574767120	0.365120	0.35120	0.3570099121	0.361121	0.35121	0.3566611122	0.361122	0.35122	0.3555272123	0.361123	0.35123	0.3124	0.124	0.361124	0.35124	0.3125	0.125	0.36125	0.353126	0.3361459126	0.3126	0.3538127	0.3357185127	0.127	128	0.3355825142	0.8128	0128	0129	0.3351042409	0.129	130	0.3348838815	0.87359551301131	0.3344767399	0.875
132	0.3340683493	0.8764044944
133	0.3340040908	0.8764044944
134	0.3335846625	0.8764044944
135	0.3333033966	0.875
136	0.3325152373	0.875
137	0.3324455832	0.875
138	0.3316659748	0.875
139	0.331665827	0.875
140	0.331435264	0.875
141	0.3309952476	0.8735955056
142	0.3308544513	0.8721910112
143	0.3308517593	0.8721910112
144	0.3304314218	0.875
145	0.3303577523	0.8735955056
146	0.3301628993	0.875
147	0.329831465	0.8735955056
148	0.3296237945	0.875
149	0.3290511485	0.875
150	0.3281313302	0.8764044944
151	0.3272033227	0.8764044944
152	0.3269950483	0.8764044944
153	0.32699264	0.8764044944
154	0.3266303513	0.8764044944
155	0.3263285292	0.875
156	0.3254209686	0.8764044944
157	0.3253995408	0.8764044944
158	0.3241759491	0.8764044944
159	0.3241321382	0.8778089888
160	0.323905337	0.8764044944
161	0.3234484622	0.8778089888
162	0.3232084276	0.8778089888
163	0.3227629369	0.8778089888
164	0.3223381499	0.8806179775
165	0.3221786174	0.8806179775
166	0.3216865215	0.8806179775
167	0.3216462611	0.8806179775
168	0.3211655098	0.8806179775
169	0.3208456078	0.8806179775
170	0.3203274491	0.8806179775
171	0.3200564758	0.8806179775
172	0.3197965128	0.8820224719
173	0.319581795	0.8834269663
174	0.3194513038	0.8834269663
175	0.3192748674	0.8834269663
176	0.3187876408	0.8848314607
177	0.3187861787	0.8848314607
178	0.3181910413	0.8848314607
179	0.3181339092	0.8848314607
180	0.3172142415	0.8834269663
181	0.316659507	0.8834269663
182	0.3162980487	0.8834269663
183	0.3159419186	0.8834269663
184	0.3152738606	0.8848314607
185	0.3149012366	0.8848314607
186	0.3145601472	0.8862359551
187	0.3144616882	0.8862359551
188	0.3142158983	0.88623595518189	0.3134861177	0.88189	0.335190	0.31267674190	0.3346341957191	0.31224766191	0.334276409192	0.312219671192	0.33413333193	0.3121848458193	0.3336236194	0.3114817152	194	0.333440195	0.3110746524	0195	0.33316196	0.3109669742	0196	0.333114197	0.3107618559	0197	0.332782198	0.3104547344	198	0.332576199	0.3100500485	0199	0.332210200	0.3099769849	0200	0.331951201	0.3099192831	0201	0.331132202	0.3095786193	0202	0.33091203	0.3091589139	0.203	0.3302204	0.3085988385	0.8204	0.329205	0.3085513899	0.89205	0.32206	0.3075883414	0.894206	0.32207	0.3074078581	0.89207	0.328208	0.3070551408	0.89208	0.327209	0.3066554205	0.8209	0.3274210	0.3061734503	0.8210	0.3270211	0.3059181034	0.8211	0.3266212	0.3057848401	0.8212	0.3263213	0.3054311247	0.8213	0.3260214	0.3053380449	0.8214	0.3254215	0.3049859503	0.8215	0.3251216	0.3046389655	0.8216	0.3245217	0.3040007632	0.8217	0.3239218	0.3032861253	0.8218	0.3239219	0.3029019026	0.8219	0.3234220	0.3027408301	0.8220	0.3234221	0.302546086	0.89221	0.323222	0.3022959022	0.89222	0.323223	0.3013343871	0.90223	0.322224	0.3005789331	0.90224	0.322225	0.2997634609	0.90225	0.322226	0.2996829007	0.90226	0.322227	0.2995399968	0.90227	0.321228	0.2989039895	0.90228	0.321229	0.2988335792	0.90229	0.321230	0.2986046507	0.90230	0.321231	0.2984846279	0.90231	0.321232	0.2983090901	0.90232	0.321233	0.2981645237	0.90233	0.320234	0.2978567396	0.90234	0.320235	0.2975536717	0.90235	0.320236	0.2971799471	0.90236	0.32237	0.2971799402	0.904237	0.3238	0.2966945202	0.904238	0.3239	0.296545766	0.90449239	0240	0.296300921	0.9044943240241	0.2959508846	0.9044943824242	0.2957766099	0.9044943822243	0.2949994761	0.904494382
244	0.2948519466	0.904494382
245	0.2947908997	0.904494382
246	0.2942635141	0.904494382
247	0.2937762151	0.904494382
248	0.2935210931	0.904494382
249	0.2927145073	0.9058988764
250	0.2924079093	0.9058988764
251	0.2921431735	0.9058988764
252	0.2918407917	0.9058988764
253	0.2917219937	0.9058988764
254	0.2903530993	0.9058988764
255	0.2898294706	0.9058988764
256	0.2896931859	0.9058988764
257	0.2894144845	0.9058988764
258	0.2892427406	0.9058988764
259	0.2885153682	0.9058988764
260	0.2883442575	0.9058988764
261	0.2882027758	0.9058988764
262	0.2879656583	0.9058988764
263	0.2875479099	0.9058988764
264	0.2872784283	0.904494382
265	0.2872431657	0.904494382
266	0.2869263935	0.904494382
267	0.2868089627	0.9030898876
268	0.2862989364	0.9030898876
269	0.2859625251	0.904494382
270	0.2849368189	0.904494382
271	0.2847703937	0.904494382
272	0.2843533388	0.9030898876
273	0.2841053057	0.9030898876
274	0.2840275301	0.9030898876
275	0.283656881	0.9058988764
276	0.2835178256	0.9058988764
277	0.2832545871	0.9073033708
278	0.2830883785	0.9073033708
279	0.2816734355	0.9073033708
280	0.281612311	0.9073033708
281	0.281390037	0.9073033708
282	0.2807998551	0.9073033708
283	0.2803403629	0.9073033708
284	0.2801042609	0.9073033708
285	0.2799749172	0.9073033708
286	0.2797816123	0.9073033708
287	0.2795784285	0.9058988764
288	0.2791962647	0.9058988764
289	0.2789314424	0.9058988764
290	0.278847953	0.9058988764
291	0.2784459847	0.9058988764
292	0.2775240841	0.9058988764
293	0.2774262546	0.9058988764
294	0.277153032	0.9058988764
295	0.2771129315	0.9058988764
296	0.2766669721	0.9058988764
297	0.2765904083	0.9058988764
298	0.2755271449	0.9058988764
299	0.2750542545	0.9058988764
300	0.2749944125	0.9058988764
301	0.2749589917	0.9058988764
302	0.2748727261	0.9073033708
303	0.2743574269	0.9073033708
304	0.274351929	0.9073033708
305	0.2740820573	0.9087078652
306	0.2740757447	0.9087078652
307	0.2739305088	0.9087078652
308	0.2738647208	0.9087078652
309	0.2738541598	0.9087078652
310	0.2735024037	0.9087078652
311	0.2733883156	0.9087078652
312	0.2731549958	0.9087078652
313	0.2727314892	0.9087078652
314	0.2723787878	0.9101123596
315	0.2723355429	0.9101123596
316	0.2721673671	0.91011235963317	0.2718530047	0.91011235963318	0.2717014441	0.91011235963319	0.2707216454	0.91011235963320	0.2705623032	0.91011235963321	0.2704998724	0.91011235963322	0.2701472626	0.91011235963323	0.2693985701	0.91011235963324	0.2693385726	0.91011235963325	0.2689526585	0.91151685393326	0.2689151372	0.91151685393327	0.2681165038	0.91292134833328	0.2677654327	0.91292134833329	0.2677392841	0.91151685393330	0.267334687	0.9129213483
331	0.2671438965	0.9129213483
332	0.2671013963	0.9129213483
333	0.2667860232	0.9129213483
334	0.2665202366	0.9129213483
335	0.2657167813	0.91292134833336	0.2656131056	0.91292134833337	0.2653675505	0.91151685393338	0.2653341995	0.91151685393339	0.2645251949	0.91151685393340	0.2640730607	0.91292134833341	0.2639554235	0.91151685393342	0.2637188714	0.91151685393343	0.2636610179	0.91292134833344	0.2635601064	0.91292134833345	0.2635413181	0.91292134833346	0.2634801338	0.91292134833347	0.263158736	0.9129213483
348	0.2626130118	0.9129213483
349	0.262390655	0.9129213483
350	0.2615233221	0.9129213483
351	0.2610901617	0.9129213483
352	0.2604611101	0.9129213483
353	0.2604259746	0.9129213483
354	0.2600714483	0.9129213483
355	0.2593835075	0.9101123596
356	0.2586437298	0.9115168539
357	0.258305108	0.9143258427
358	0.2580594772	0.9143258427
359	0.2578892861	0.9143258427
360	0.257769516	0.9143258427
361	0.2572305566	0.9157303371
362	0.2568686129	0.9143258427
363	0.2565586108	0.9143258427
364	0.2557551714	0.9143258427
365	0.2555533221	0.9143258427
366	0.2553937965	0.9143258427
367	0.2546599407	0.9143258427
368	0.2546105183	0.9143258427
369	0.2544830082	0.9143258427
370	0.2542338088	0.9143258427
371	0.2537119254	0.91432584273372	0.2533001304	0.91432584273373	0.2525407636	0.91432584273374	0.2518126852	0.91432584273375	0.2516023965	0.91573033737376	0.2513777105	0.91573033376377	0.2511230557	0.9157303377	378	0.2505545206	0.915730378	0379	0.2502527434	0.91573379	0.380	0.2499357056	0.9157380	0.2381	0.2493043644	0.915381	0.27382	0.248767146	0.915382	0.27383	0.2483985553	0.91383	0.279384	0.2482512885	0.9384	0.2789385	0.2476344831	0.385	0.27865386	0.2473544842	0386	0.278239387	0.2470704938	387	0.2778479388	0.2468628899388	0.27735795389	0.246607961389	0.277007735390	0.24629056390	0.2769618803391	0.2461118391	0.2764322671	392	0.2459676392	0.2751303521	393	0.245757393	0.2749012429	0394	0.24541394	0.2747543996	0.395	0.24539395	0.2746438702	0.396	0.24518396	0.2742116155	0.397	0.24475397	0.2738121193	0.398	0.24447398	0.2735318665	0.399	0.24442399	0.2734871885	0.400	0.24420400	0.2732053708	0.401	0.24360401	0.2730191678	0.402	0.24322402	0.2723884616	0.403	0.24279403	0.2721121287	404	0.2422060404	0.2714945973	405	0.2418270405	0.2712692049	406	0.2409745406	0.2711432383	407	0.2409355407	0.2710367107	408	0.2409101408	0.2708891513409	0.24082258409	0.270091294410	0.240500512410	0.269494419411	0.240145587411	0.269219282412	0.239577048412	0.269213742413	0.239329342413	0.269155346414	0.239200486414	0.268859241415	0.239183979415	0.268819518416	0.238806513416	0.268306562417	0.238608462417	0.268077021418	0.238554154418	0.267902467419	0.238317147419	0.267836188420	0.238155151420	0.267102587421	0.237816699421	0.266866175422	0.237232635422	0.266278189423	0.236904991423	0.265997883424	0.236736908424	0.26597956425	0.2365212145425	0.26558619426	0.2363109583426	0.26554659427	0.2362959	0.427	0.26542428	0.2362002694	0.428	0.26490429	0.235482021	0.9429	0.2648430	0.2352957007	0.430	0.2646431	0.2349324041	0.9431	0.2640432	0.2346965432	0.9432	0.2637433	0.2344130038	0.9433	0.2636434	0.2335895632	0.9434	0.2631435	0.2329167236	0.9435	0.2629436	0.2328278158	0.9436	0.2628437	0.2326390493	0.9437	0.2627438	0.2325738593	0.9438	0.2627439	0.2319251957	0.9439	0.2625440	0.2318370033	0.9440	0.2624441	0.2314067515	0.441	0.26169442	0.231305678	0.9442	0.2615443	0.2306907216	0.9443	0.2614444	0.2304588531	0.9444	0.2613445	0.2298022214	0.445	0.26126446	0.2296764883	0.446	0.26113447	0.2293826323	0.447	0.26109448	0.2287451229	0.448	0.26096449	0.2283964061	0.449	0.26086450	0.2281548578	0.450	0.26080451	0.2278060142	0.451	0.26068452	0.2276098348	0.452	0.26040453	0.2270622976	0.453	0.26012454	0.2264245981	0.454	0.25973455	0.2262588223	0455	0.259710456	0.2262395413	0456	0.259358457	0.2260364718	0457	0.259044458	0.2254336044	0458	0.258511459	0.2251075111	0459	0.258488460	0.2249872833	0460	0.258330461	0.2248560438	0461	0.257999462	0.2245672005	462	0.2579159463	0.2245150269	463	0.2577697464	0.2243209736	464	0.2574779465	0.2240188097	465	0.2573660466	0.2237435469	466	0.2572362467	0.2231078688467	0.25698770468	0.222957102	468	0.2566339469	0.2226983983	469	0.2563922470	0.2224068555	470	0.256317471	0.2220898643	0471	0.256207472	0.22176559	0.472	0.25617473	0.2216236858	0.473	0.25613474	0.2215173832	0474	0.25585475	0.2213571597	0.475	0.25571476	0.2210744712	0.476	0.25533477	0.2210446643	0.477	0.25527478	0.2207934534	0.478	0.25480479	0.2203060449	0.479	0.25445480	0.2200413442	0.480	0.25438481	0.2198842607	0.481	0.25415482	0.2195285064	0.482	0.25378483	0.218617583	0.9483	0.2536484	0.2185116707	0.9484	0.2536485	0.2183840079	0.9485	0.2535486	0.2183618635	0.9486	0.2531487	0.2182450302	0.9487	0.2529488	0.2182009911	0.9488	0.2523489	0.2179797048	0.9489	0.252490	0.2176645018	0.93490	0.25491	0.2174435325	0.936491	0.25492	0.2174317924	0.936492	0.25493	0.2172367956	0.936493	0.25494	0.2166371922	0.936494	0.25495	0.2161613681	0.936495	0.24496	0.2161116589	0.936496	0.24497	0.2157844547	0.938497	0.24498	0.2156328894	0.938498	0.24499	0.2154431758	0.938499	0.24500	0.2153425442	0.938500	0.24501	0.215008069	0.9396501	0.2502	0.214642836	0.9382502	0.2503	0.2142591153	0.938503	0.24504	0.2140156798	0.936504	0.24505	0.2137735367	0.936505	0.24506	0.2133985209	0.938506	0.24507	0.2131083263	0.941507	0.2508	0.2129788893	0.9410508	0.509	0.2127751455	0.94101509	0510	0.2126126882	0.941011510	511	0.2123851621	0.9410112511512	0.2121542568	0.9410112351513	0.2120315628	0.9410112365514	0.2118109057	0.941011236
515	0.2116734532	0.941011236
516	0.211326927	0.941011236
517	0.2111750451	0.9424157303
518	0.2108079046	0.9424157303
519	0.2104592508	0.9424157303
520	0.2103332567	0.9424157303
521	0.2102587359	0.9424157303
522	0.2100532218	0.9424157303
523	0.2098005336	0.9424157303
524	0.2097587501	0.9424157303
525	0.20953005	0.9424157303
526	0.2093969656	0.9424157303
527	0.2092165757	0.9424157303
528	0.2091129902	0.9424157303
529	0.2090307662	0.9424157303
530	0.2089475089	0.9424157303
531	0.2087328158	0.9424157303
532	0.2084859943	0.9452247191
533	0.2083534261	0.9452247191
534	0.2074634632	0.9452247191
535	0.2067988056	0.9452247191
536	0.2063836367	0.9466292135
537	0.2063088591	0.9452247191
538	0.2061560187	0.9466292135
539	0.205878013	0.9452247191
540	0.2057373108	0.9452247191
541	0.205371798	0.9466292135
542	0.2050422065	0.9466292135
543	0.2048531038	0.9466292135
544	0.2045857329	0.9466292135
545	0.2045643317	0.9466292135
546	0.2042009218	0.9466292135
547	0.2040528736	0.9466292135
548	0.204018724	0.9466292135
549	0.2035961599	0.9466292135
550	0.2033473473	0.9466292135
551	0.2031551571	0.9466292135
552	0.2030222368	0.9466292135
553	0.2028627862	0.9466292135
554	0.2028121911	0.9466292135
555	0.202794171	0.9466292135
556	0.2027871104	0.9466292135
557	0.2026926718	0.9466292135
558	0.202519433	0.9452247191
559	0.2022814092	0.9466292135
560	0.2019643863	0.9466292135
561	0.2018113817	0.9466292135
562	0.2015590065	0.9466292135
563	0.2015512684	0.9466292135
564	0.2014887108	0.9466292135
565	0.2014761398	0.9466292135
566	0.2009699638	0.9466292135
567	0.2006875346	0.9466292135
568	0.1998388848	0.9466292135
569	0.1997568477	0.9466292135
570	0.1991674819	0.9466292135
571	0.1990348963	0.9466292135
572	0.1988147602	0.9480337079
573	0.1986960634	0.9480337079
574	0.1984078317	0.9480337079
575	0.1982066656	0.9494382022
576	0.1981310347	0.9494382022
577	0.1977655878	0.9494382022
578	0.1976229444	0.9480337079
579	0.1975927306	0.9494382022
580	0.1974350705	0.9494382022
581	0.1972038012	0.9480337079
582	0.1971200341	0.9480337079
583	0.1970294621	0.9480337079
584	0.1969478598	0.9480337079
585	0.1967789656	0.9480337079
586	0.1965002048	0.9494382022
587	0.1963339286	0.9494382022
588	0.1961807796	0.9494382022
589	0.1957130864	0.9494382022
590	0.1955973512	0.9494382022
591	0.1953273208	0.9508426966
592	0.1950293754	0.95084269665593	0.1947728704	0.95084269665594	0.1942772101	0.95084269665595	0.1940528051	0.952247191
596	0.1938537694	0.952247191
597	0.1937447699	0.952247191
598	0.193613237	0.952247191
599	0.1934270096	0.952247191
600	0.1932211093	0.952247191
601	0.1928654067	0.952247191
602	0.1926881186	0.952247191
603	0.1921594788	0.9536516854
604	0.1920090887	0.9536516854
605	0.1919098396	0.9536516854
606	0.191846655	0.9536516854
607	0.1916387723	0.9536516854
608	0.1913220619	0.9536516854
609	0.1911921005	0.9536516854
610	0.1911281207	0.9536516854
611	0.1910750777	0.9536516854
612	0.1910097339	0.9536516854
613	0.1905205131	0.9536516854
614	0.1902445364	0.9536516854
615	0.1900522814	0.9536516854
616	0.1895020666	0.9536516854
617	0.1893560962	0.9536516854
618	0.1892922737	0.9536516854
619	0.1891254428	0.9536516854
620	0.18880667	0.9536516854
621	0.1884863932	0.9550561798
622	0.1882604745	0.9550561798
623	0.1879944479	0.9550561798
624	0.1879030371	0.9550561798
625	0.1875085599	0.9550561798
626	0.1874455649	0.9550561798
627	0.1874149436	0.9550561798
628	0.1873883839	0.9550561798
629	0.1870435428	0.9550561798
630	0.1869272133	0.9550561798
631	0.1868410993	0.9550561798
632	0.1865920673	0.9550561798
633	0.1864286813	0.9550561798
634	0.1863250049	0.9550561798
635	0.1858603793	0.9550561798
636	0.1857577559	0.9550561798
637	0.1856246691	0.9550561798
638	0.1853277231	0.9550561798
639	0.1852417288	0.9550561798
640	0.1851603537	0.9550561798
641	0.1849279223	0.9550561798
642	0.1848868649	0.9550561798
643	0.1845007008	0.9550561798
644	0.1843995606	0.9550561798
645	0.1842194547	0.9550561798
646	0.1840847163	0.9550561798
647	0.1839556914	0.9550561798
648	0.1838856706	0.9550561798
649	0.1837320328	0.9550561798
650	0.1836153965	0.9550561798
651	0.1835491835	0.9550561798
652	0.1833770915	0.9550561798
653	0.1832831406	0.9550561798
654	0.1831946667	0.9550561798
655	0.1830469371	0.9550561798
656	0.1829678817	0.9550561798
657	0.182954219	0.9550561798
658	0.1828920448	0.9550561798
659	0.1828283414	0.9550561798
660	0.1827500492	0.9550561798
661	0.18274144	0.9550561798
662	0.1825810216	0.9550561798
663	0.1824260212	0.9550561798
664	0.182277534	0.9550561798
665	0.1815860362	0.9550561798
666	0.1815466002	0.9550561798
667	0.1814401384	0.9550561798
668	0.1811541316	0.9550561798
669	0.1810257683	0.9550561798
670	0.1804691743	0.9550561798
671	0.18017657	0.9550561798
672	0.1800126987	0.9550561798
673	0.1796954315	0.9564606742
674	0.1795535094	0.9564606742
675	0.1792287389	0.9564606742
676	0.1790830719	0.9564606742
677	0.1789052438	0.9564606742
678	0.1786907193	0.9564606742
679	0.1786182696	0.9564606742
680	0.1785184098	0.9564606742
681	0.1784007198	0.9564606742
682	0.1783832259	0.9564606742
683	0.178064439	0.9564606742
684	0.1779658445	0.9564606742
685	0.1779355649	0.9564606742
686	0.1778417803	0.9564606742
687	0.1777585346	0.9578651685
688	0.1776393031	0.9578651685
689	0.1773846118	0.9578651685
690	0.1772723246	0.9578651685
691	0.1769979457	0.9578651685
692	0.1768818676	0.9592696629
693	0.1762414677	0.9592696629
694	0.1761019518	0.9592696629
695	0.1757625509	0.9592696629
696	0.1755880566	0.9592696629
697	0.1754118744	0.9592696629
698	0.1753475716	0.9592696629
699	0.1751618391	0.9592696629
700	0.1749491351	0.9592696629
701	0.1747831139	0.9592696629
702	0.1747400176	0.9592696629
703	0.1746407159	0.9592696629
704	0.174427561	0.9592696629
705	0.1744205239	0.9592696629
706	0.1743469606	0.9592696629
707	0.1742661905	0.9592696629
708	0.1740454721	0.9592696629
709	0.1738661777	0.9592696629
710	0.1737732978	0.9592696629
711	0.1735750612	0.9592696629
712	0.1731880193	0.9592696629
713	0.1729565622	0.9592696629
714	0.1728146387	0.9592696629
715	0.1725968646	0.9592696629
716	0.172575588	0.9592696629
717	0.1724557614	0.9592696629
718	0.1721763959	0.9592696629
719	0.1720995283	0.9592696629
720	0.1720365983	0.95926966272721	0.1719608141	0.95926966272722	0.1718689798	0.95926966272723	0.1716926717	0.95926966272724	0.1715793854	0.95926966724725	0.1714699404	0.95926966725726	0.1713823369	0.95926966726727	0.1712444726	0.9592696727	728	0.1710242481	0.959269728	0729	0.1709620788	0.95926729	0.730	0.1709040605	0.9592730	0.2731	0.1707161566	0.959731	0.20732	0.1706439232	0.959732	0.20733	0.1704755407	0.959733	0.20734	0.1702199131	0.959734	0.20735	0.1701807563	0.959735	0.20736	0.1700551824	0.959736	0.20737	0.1700067105	0.959737	0.20738	0.1697003793	0.959738	0.20739	0.1694975368	0.959739	0.20740	0.1693617094	0.959740	0.20741	0.1692135036	0.959741	0.20742	0.1690315773	0.959742	0.20743	0.1687482005	0.959743	0.20744	0.1684541125	0.959744	0.20745	0.1682195016	0.959745	0.20746	0.1679750761	0.9746	0.2017747	0.167784027	0.96747	0.201748	0.1677647313	0.96748	0.201749	0.1677047787	0.96749	0.200750	0.1676002552	0.96750	0.200751	0.167279851	0.960751	0.20752	0.1670419109	0.960752	0.19753	0.1669196244	0.960753	0.19754	0.1667634638	0.960754	0.19755	0.1663840358	0.960755	0.19756	0.1663169911	0.960756	0.19757	0.1661602879	0.960757	0.19758	0.1658741714	0.960758	0.19759	0.1658681936	0.960759	0.19760	0.1656790749	0.960760	0.19761	0.1656231756	0.960761	0.19762	0.1655774756	0.96762	0.198763	0.165465006	0.960763	0.19764	0.1652167764	0.960764	0.19765	0.1648172362	0.9765	0.1973766	0.1646004536	0.9766	0.1970767	0.1644707313	0.9767	0.1969768	0.1643212019	0.9768	0.1966769	0.1641524006	0.9769	0.1963770	0.1639261311	0.9770	0.1963771	0.1635826695	0.9771	0.1959772	0.1634944402	0.9772	0.1957773	0.1634332646	0.9773	0.1955774	0.1631107147	0.774	0.19543775	0.163023743	0.9775	0.1953776	0.1628084592	0.9776	0.1953777	0.1625503439	0.9777	0.1951778	0.1625165737	0.9778	0.1946779	0.1624851944	0.9779	0.1945780	0.1624144875	0.9780	0.1943781	0.1621404686	0.9781	0.1943782	0.1618007638	0.9782	0.1943783	0.1617621357	0.9783	0.1940784	0.1612552715	0.9784	0.1935785	0.1611117037	0.9785	0.1932786	0.1610239714	0.9786	0.1929787	0.1608338141	0.9787	0.1928788	0.1606433875	0.9788	0.1928789	0.1605449854	0.9789	0.1926790	0.1604113469	0.790	0.19251791	0.1602083385	0.791	0.19231792	0.1600230974	0.792	0.19204793	0.1599115546	0.793	0.19183794	0.1598537649	0.794	0.19151795	0.1598218768	0.795	0.19149796	0.1595039295	0796	0.190986797	0.159408735	0.797	0.19095798	0.1593927464	0.798	0.19058799	0.159285366	0.9799	0.1905800	0.15924753	0.962800	0.19801	0.1591682577	0.962801	0.19802	0.1589906054	0.962802	0.19803	0.1588547665	0.962803	0.19804	0.1588133794	0.962804	0.19805	0.1587293237	0.962805	0.18806	0.1586755854	0.962806	0.18807	0.1583554351	0.962807	0.18808	0.1582152905	0.962808	0.18809	0.1578917672	0.962809	0.18810	0.157797186	0.9620810	0.1811	0.1577002049	0.9620811	0.8812	0.1575698647	0.9620812	812813	0.1575686855	0.962081813	0814	0.1573335435	0.9620814	0.1815	0.1571331306	0.96815	0.175816	0.1568813014	0.816	0.17523817	0.1567068185	817	0.1751650818	0.156687394818	0.175078226819	0.1564708819	0.1749937848	820	0.15634820	0.1749032015	0.821	0.156821	0.1748748337	0.95822	0.1822	0.1748335044	0.9537823	0823	0.1746690172	0.953716824824	0.1744414171	0.953716698825	0.1742038418	0.95371669
826	0.1738959928	0.95371669
827	0.1738903947	0.95371669
828	0.1736505153	0.95371669
829	0.1734930718	0.95371669
830	0.1734638805	0.95371669
831	0.1734524977	0.95371669
832	0.173261811	0.95371669
833	0.1728818531	0.95371669
834	0.1728205147	0.95371669
835	0.1723139495	0.95371669
836	0.172160165	0.95371669
837	0.1720538122	0.95371669
838	0.1719670419	0.95371669
839	0.1718772544	0.95371669
840	0.1718624462	0.95371669
841	0.1716598624	0.95371669
842	0.1716572512	0.95371669
843	0.1715664807	0.95371669
844	0.1714106846	0.95371669
845	0.1710826969	0.95371669
846	0.1707920022	0.95371669
847	0.1706140621	0.95371669
848	0.1704984569	0.95371669
849	0.1701776929	0.95371669
850	0.170125669	0.95371669
851	0.1699733023	0.95371669
852	0.1699717275	0.95371669
853	0.1697855966	0.95371669
854	0.169452148	0.9551192146
855	0.1692372022	0.9551192146
856	0.1692224286	0.9551192146
857	0.1692011769	0.9551192146
858	0.1690738525	0.9551192146
859	0.1686694001	0.9551192146
860	0.1685914752	0.9551192146
861	0.1684503578	0.9551192146
862	0.1682257653	0.9551192146
863	0.1682135413	0.9551192146
864	0.1681507253	0.9551192146
865	0.168136851	0.9551192146
866	0.1677913916	0.9551192146
867	0.1675356698	0.9551192146
868	0.1674268134	0.9551192146
869	0.1673204108	0.9551192146
870	0.1671307889	0.9551192146
871	0.1669340703	0.9551192146
872	0.1668687794	0.9551192146
873	0.1665918097	0.9551192146
874	0.1665237703	0.9551192146
875	0.1664377888	0.9551192146
876	0.1661789665	0.9551192146
877	0.1659195476	0.9551192146
878	0.1657407407	0.9551192146
879	0.165469963	0.9551192146
880	0.165185819	0.9551192146
881	0.1651427927	0.9551192146
882	0.1649515327	0.9551192146
883	0.164712244	0.9551192146
884	0.1644014567	0.9551192146
885	0.1643018428	0.9551192146
886	0.1643002193	0.9551192146
887	0.164180295	0.9551192146
888	0.1640016164	0.9551192146
889	0.1639540666	0.9551192146
890	0.1637981025	0.9551192146
891	0.1636424576	0.9551192146
892	0.1634333288	0.9551192146
893	0.1630126338	0.9551192146
894	0.1628841811	0.9551192146
895	0.1626696814	0.9551192146
896	0.1626304815	0.9551192146
897	0.1623435875	0.9551192146
898	0.1622875452	0.9551192146
899	0.1622040677	0.9551192146
900	0.1621379429	0.9551192146
901	0.1619484563	0.9551192146
902	0.1619153894	0.9551192146
903	0.1616998048	0.9551192146
904	0.1616531547	0.9551192146
905	0.1614885188	0.9551192146
906	0.1614106584	0.9551192146
907	0.1613280313	0.9551192146
908	0.1612394875	0.9551192146
909	0.1610501853	0.9551192146
910	0.1610329315	0.9551192146
911	0.160873886	0.9551192146
912	0.1607532808	0.9551192146
913	0.1607238967	0.9551192146
914	0.1602769304	0.9551192146
915	0.1599868607	0.9551192146
916	0.1599467644	0.9551192146
917	0.159918315	0.9551192146
918	0.1597592488	0.9551192146
919	0.1596029352	0.9551192146
920	0.1595044906	0.9551192146
921	0.159483632	0.9551192146
922	0.1593988193	0.9551192146
923	0.1593135554	0.9551192146
924	0.1591498048	0.9551192146
925	0.1590097433	0.9551192146
926	0.1590001395	0.9551192146
927	0.1589683245	0.9551192146
928	0.1587390019	0.9551192146
929	0.1585243178	0.9551192146
930	0.1585162849	0.9551192146
931	0.1583603875	0.9551192146
932	0.1582658563	0.9551192146
933	0.157929058	0.9551192146
934	0.1578474134	0.9551192146
935	0.1577510884	0.9551192146
936	0.1575737921	0.9551192146
937	0.1574628011	0.9551192146
938	0.1574483493	0.9551192146
939	0.157282746	0.9551192146
940	0.1570888416	0.9551192146
941	0.1570278667	0.9551192146
942	0.1570082415	0.9551192146
943	0.15694314	0.9551192146
944	0.1567463571	0.9551192146
945	0.1566093356	0.9551192146
946	0.1565605124	0.9551192146
947	0.1565508267	0.9551192146
948	0.1563253826	0.9551192146
949	0.1562147704	0.9551192146
950	0.1560805292	0.9565217391
951	0.1559807671	0.9565217391
952	0.1556649874	0.9565217391
953	0.1556198344	0.9565217391
954	0.1554533482	0.9565217391
955	0.1554228796	0.9565217391
956	0.1554082198	0.9565217391
957	0.1552100909	0.9565217391
958	0.1551431946	0.9565217391
959	0.1550218539	0.9565217391
960	0.1549203396	0.9565217391
961	0.1548363878	0.9565217391
962	0.154444922	0.9565217391
963	0.1543488132	0.9565217391
964	0.1542829453	0.9565217391
965	0.1541605987	0.9565217391
966	0.1541482218	0.9565217391
967	0.1539104424	0.9565217391
968	0.1533755173	0.9565217391
969	0.1532326208	0.9565217391
970	0.1532116882	0.9565217391
971	0.152932365	0.9565217391
972	0.1528467313	0.9565217391
973	0.1527603967	0.9565217391
974	0.1526837261	0.9565217391
975	0.1525319651	0.9565217391
976	0.1525308148	0.9565217391
977	0.1524715341	0.9565217391
978	0.152311252	0.9565217391
979	0.1520967224	0.9565217391
980	0.15191457	0.9565217391
981	0.1517773915	0.9565217391
982	0.151764235	0.9565217391
983	0.1517379018	0.9565217391
984	0.1515904177	0.9565217391
985	0.1515085571	0.9565217391
986	0.1514637252	0.9565217391
987	0.1513090903	0.9565217391
988	0.1512010919	0.9565217391
989	0.1510394019	0.9565217391
990	0.1509867738	0.9565217391
991	0.1508559504	0.9565217391
992	0.150471503	0.9565217391
993	0.1503909312	0.9565217391
994	0.1503106435	0.9565217391
995	0.1502721686	0.9565217391
996	0.1501021062	0.9579242637
997	0.15004979	0.9579242637
998	0.1500485946	0.9579242637
999	0.1500234305	0.9579242637
97998	0.135998	0.1366208508	0.97999	0.134999	0.1364562815	0.9705469846
.9635854342
997	0.1553015404	0.9635854342
998	0.1551604112	0.9649859944
999	0.1550729679	0.9649859944
